category,title,creator,publication_year,description
book,The Treat,Nicky Waters,2012,Excepturi unde quibusdam in.
book,The Captain's Java,Rayford Cummings,1922,Reiciendis provident autem eos.
album,Jacked Equinox,Pasquale O'Kon,1964,Repellat tempore debitis autem.
movie,Joe Extract,Derek Hoppe,1957,Et dolorem dolorem neque.
movie,Huggy Symphony,Prof. Lahoma Bergnaum,1998,Quia enim fugit maiores.
album,The Cowboy,Tarsha Borer,1961,Dicta incidunt nesciunt et.
album,Winter Choice,Josue Metz,1988,Voluptatibus autem alias illum.
movie,Blue Blend,Annetta Lubowitz,1958,Quam nulla distinctio vel.
book,Melty America,Joseph Lemke,1939,Sunt rem dolore libero.
movie,Melty Level,Theo Reynolds,1956,Quod ipsam debitis aut.
album,Holiday Cake,Homer O'Conner,1994,Inventore beatae labore ducimus.
album,Street Been,Wade Carroll,1990,Officiis minus quis sunt.
album,KrebStar ,Al Donnelly,1947,Et hic voluptas in.
album,Brooklyn Been,Rene Romaguera V,1922,Recusandae reiciendis dignissimos tempore.
album,Express Solstice,Lesli Lubowitz CPA,1934,Quo aliquam quas nemo.
movie,Melty Equinox,Emely Connelly,1962,Aut facere rem molestias.
movie,Veranda Been,Hazel Friesen Esq.,1925,Omnis maxime expedita quibusdam.
album,Jacked Coffee,Jermaine Kilback,2004,Praesentium consequatur ut molestias.
movie,Hello America,Elinor Treutel,1935,Vel dolor quisquam qui.
movie,The Utopia,Estrella Moen,1928,Rerum modi adipisci dicta.
movie,Major Java,Debrah Nader LLD,1996,Iure qui cum velit.
album,Street Select,Julene Schowalter,1982,Nam dolores quia rem.
book,Joe Select,Gino Frami,1932,Ut vero iure laudantium.
book,Blacktop Level,Brigid Stoltenberg,1934,Aut voluptatem veniam non.
movie,KrebStar Utopia,Demarcus Ruecker,1949,Adipisci aliquid aut placeat.
album,Winter Treat,Maximina Nikolaus,1960,Quia nesciunt sed qui.
album,Bluebery Treat,Lorri Orn,1969,Voluptas molestias commodi in.
book,Street Breaker,Austin Considine,1929,Ut eum rerum fugiat.
movie,The America,Verlene Nader III,1951,Voluptatum cum nulla nihil.
album,Summer Cake,Elenore Jacobs,1946,Autem explicabo illo consectetur.
movie,Summer Solstice,Ronnie Nitzsche,1989,Recusandae rerum ab in.
book,Summer Cup,Galen Olson,2007,Aut magnam numquam facere.
movie,Holiday Star,Dr. Curt Fadel,1981,Ea architecto itaque blanditiis.
movie,Huggy Cowboy,Yan Hegmann,1952,Eveniet aspernatur modi ut.
movie,Goodbye Town,Isaias Murazik,1938,Minus aliquid ut doloremque.
album,Huggy Extract,Hoyt Schimmel,2000,Voluptatem et laudantium excepturi.
book,Evening Java,Alexandria Krajcik,1926,Eaque beatae expedita earum.
book,Brooklyn Solstice,Clark Ernser Jr.,1992,Neque molestias nostrum quod.
album,Hello Symphony,Dr. Graham Rodriguez,1924,Aliquam eos deleniti ea.
movie,The Captain's Enlightenment,Cheryle Hirthe,2012,Nobis eum rem dolores.
album,Huggy Level,Gov. Kermit Cassin,2015,Velit nostrum corporis odit.
album,Major Level,Aleta Reichert,1997,Quae esse dignissimos hic.
album,Captain's Equinox,Rep. Albert Beahan,2016,Rem id aliquam explicabo.
book,Good-morning Cowboy,Donya Wolff PhD,2015,Nam enim non deleniti.
album,Jacked Star,Arlie Kunze,1961,Natus consequatur magni nisi.
book,Wake-up Cake,Tasia Erdman,2007,In nisi animi cumque.
album,Cascara Choice,Rosalva Huel,1950,Deserunt fugit dolore facilis.
book,Thanksgiving Choice,Delbert Langosh,2000,Minima cum et iste.
book,Brooklyn Choice,Filiberto Prosacco,1990,Recusandae sit eum quia.
album,Street Select,Chet Hudson,1985,Pariatur porro vero temporibus.
book,Heart Coffee,Rev. Shiela Kub,2002,Quo sed magni consequatur.
movie,Winter Choice,Kathie Morissette,1989,Et corrupti odit rerum.
movie,The Enlightenment,Tyrone Hodkiewicz,1922,Beatae enim consequatur tempora.
album,Street Volcano,Marlin Kiehn,1995,Quos repellendus voluptas magnam.
album,Pumpkin-spice Star,Woodrow Spinka,2011,Soluta sit dicta quas.
book,Melty Cake,Tarsha Ondricka,1988,Aut quis ut at.
album,Blacktop Select,Wiley Conn,1980,Eaque ullam quod veniam.
book,Postmodern Coffee,Dustin Trantow,1930,Voluptatibus iure ab qui.
book,Blacktop Delight,Fr. Patrica Osinski,1935,Et accusamus hic nobis.
book,Green Solstice,Arturo Walter,2002,Accusamus voluptas ex id.
